1,Orville,Doctor
2,Rosina,Support
3,Kira,Support
4,Ula,Doctor
5,Sosanna,Doctor
6,Killian,Admin
7,Calley,Nurse
8,Nettie,Admin
9,Opaline,Doctor
10,Tate,Doctor
11,Fianna,Support
12,Ralina,Nurse
13,Nertie,Doctor
14,Staffard,Support
15,Zacherie,Support
16,Pamella,Support
17,Alameda,Support
18,Ammamaria,Admin
19,Norina,Doctor
20,Nickola,Admin
21,Gunar,Nurse
22,Bondon,Support
23,Kimberli,Support
24,Wendel,Admin
25,Gabie,Support
26,Max,Nurse
27,Alvinia,Nurse
28,Alphonse,Admin
29,Elna,Admin
30,Sawyer,Admin
31,Gawen,Doctor
32,Averil,Doctor
33,Randy,Support
34,Mathian,Doctor
35,Valentine,Nurse
